gaia_dr3,dataset,n,peak_cd,peak_fap,semi_amplitude_pct,e_semi_amplitude_pct
6914922055508553984,ZTF zg,445,14.73855,3.1e-61,2.85,0.13
6914922055508553984,ZTF zr,560,14.73855,1.2e-152,6.98,0.16
6914922055508553984,TESS S55,13965,14.73932,2e-103,10.72,0.49
6914922055508553984,TESS S81,13638,14.73896,1.4e-106,10.05,0.44
6914922055508553984,Gaia G,56,14.73843,1.5e-24,6.04,0.2
6914922055508553984,Gaia BP,54,14.73843,0.96,4.78,0.97
6914922055508553984,Gaia RP,51,14.73855,4.8e-05,11.75,1.42
2191618770599895296,ZTF zg,851,11.06144,5.9e-72,1.52,0.1
2191618770599895296,ZTF zr,1236,11.06144,3e-246,4.16,0.09
2191618770599895296,TESS S76,19025,11.06144,1e-113,6.53,0.28
2191618770599895296,TESS S77,12874,11.06132,5.6e-57,6.14,0.37
2191618770599895296,TESS S83,17330,11.06216,7.1e-169,8.58,0.3
2191618770599895296,TESS S84,16718,11.06036,5.3e-119,8.65,0.37
2191618770599895296,Gaia G,50,11.06132,1.2e-17,3.55,0.18
2191618770599895296,Gaia BP,47,39.75362,0.61,2.1,0.55
2191618770599895296,Gaia RP,48,11.14658,0.017,5.52,0.88
5503429908930455808,TESS S88 FFI,11625,17.66984,3.9e-32,19.5,1.53
5503429908930455808,TESS S89 FFI,12144,17.6684,5.9e-60,4.05,0.24
5503429908930455808,TESS S93 FFI,10677,17.66792,4.2e-23,14.49,1.32
5503429908930455808,TESS S96 FFI,10674,17.67236,8.3e-06,1.05,0.17
5503429908930455808,TESS S98 FFI,24053,17.66876,9.8e-26,20.84,1.81
5503429908930455808,Gaia G,38,17.67007,7.2e-16,8.84,0.56
5503429908930455808,Gaia BP,34,3.55588,1.0,6.58,2.47
5503429908930455808,Gaia RP,32,5.86221,0.044,13.81,5.01
4844023064578952320,TESS S106 FFI,10688,12.27428,3.7e-119,7.96,0.33
4844023064578952320,TESS S107 FFI,11927,12.27368,5e-135,29.53,1.15
4844023064578952320,Gaia G,54,12.27419,5e-23,9.75,0.28
4844023064578952320,Gaia BP,48,42.83054,0.99,3.88,1.88
4844023064578952320,Gaia RP,47,12.27432,0.085,21.97,3.43
2249098833310553728,TESS S56,19451,22.613,0.0,30.65,0.54
2249098833310553728,TESS S58,17984,22.61252,0.0,36.22,0.68
2249098833310553728,TESS S59,14164,22.61348,0.0,37.7,0.81
2249098833310553728,TESS S60,11467,22.61276,2.9e-295,39.04,1.07
2249098833310553728,TESS S73,10282,22.6136,0.0,26.87,0.71
2249098833310553728,TESS S74,18787,22.6124,3.6e-242,34.71,1.03
2249098833310553728,TESS S75,17077,22.6136,7.8e-286,31.8,0.85
2249098833310553728,TESS S76,19025,22.61324,0.0,114.35,2.63
2249098833310553728,TESS S77,12874,22.61372,1.9e-245,41.62,1.24
2249098833310553728,TESS S78,12677,22.61264,0.0,49.08,1.25
2249098833310553728,TESS S81,16836,22.61252,0.0,36.35,0.78
2249098833310553728,TESS S82,18137,22.61288,0.0,51.12,1.02
2249098833310553728,TESS S83,17330,22.6124,0.0,34.23,0.62
2249098833310553728,Gaia G,34,22.61301,2.6e-21,15.55,0.28
2249098833310553728,Gaia BP,32,45.44773,0.042,16.46,2.63
2249098833310553728,Gaia RP,33,22.61313,0.0011,26.58,3.25
4705562733524591232,TESS S1 FFI,1266,47.987,0.0,0.83,0.25
4705562733524591232,TESS S2 FFI,1196,28.41224,0.0033,2.18,0.41
4705562733524591232,TESS S28 FFI,3449,3.45752,0.8,1.04,0.3
4705562733524591232,TESS S29 FFI,3566,19.5968,0.024,1.87,0.42
4705562733524591232,TESS S68 FFI,11204,19.592,2.6e-05,1.25,0.21
4705562733524591232,TESS S69 FFI,9307,19.583,5.1e-05,1.84,0.31
4705562733524591232,TESS S95 FFI,10008,19.5908,0.00025,1.43,0.25
4705562733524591232,TESS S96 FFI,10137,19.57796,0.00057,5.57,1.05
4705562733524591232,TESS S103 FFI,9699,16.2284,0.27,8.54,9.68
4705562733524591232,TESS S104 FFI,10465,28.84244,0.72,4.17,2.75
4705562733524591232,Gaia G,40,19.58609,6.7e-13,8.22,0.61
4705562733524591232,Gaia BP,39,36.57869,0.98,4.94,2.88
4705562733524591232,Gaia RP,39,46.10039,0.85,21.98,4.86
