gaia_dr3,name,ra_deg,dec_deg,parallax_mas,e_parallax_mas,G,bp_rp,sdss_id,spectrum,snr,B_split_Ha_MG,e_B_split_Ha_MG,B_split_Hb_MG,e_B_split_Hb_MG,Ha_sigma_minus_A,Ha_pi_A,Ha_sigma_plus_A,Ha_shift_A,Ha_asym_A,Hb_sigma_minus_A,Hb_pi_A,Hb_sigma_plus_A,Hb_shift_A,Hb_asym_A,snowwhite_class,simbad_type,mwdd_spectype,note
5660016586818424832,GALEX J095130.1-245723,147.875205,-24.956247,18.198,0.075,17.165,0.272,100495249,coadd,26.3,8.46,0.07,8.19,0.05,6382.3,6558.8,6723.1,-5.8,-12.2,4746.2,4848.1,4927.1,-14.6,-22.9,DAH/DA,WD*/DA,DA,
6499095244738784128,GALEX J231613.4-552927,349.056911,-55.491176,16.003,0.052,16.701,0.199,110869723,coadd,42.0,8.0,0.02,7.83,0.03,6398.0,6556.7,6720.0,-7.9,4.6,4753.3,4847.4,4926.1,-15.3,-15.4,DAH,WD*/DA,DA,common proper motion with HD 219458 at 164 arcsec
1980205739970324224,Gaia DR3 1980205739970324224,329.821928,51.048998,12.637,0.057,17.057,0.148,65378167,coadd,16.4,5.64,0.03,5.57,0.02,6449.5,6561.4,6676.4,-3.2,3.0,4790.7,4854.8,4913.6,-7.9,-5.3,DA,WD*/DA,DA:,"listed as ZZ Ceti (P = 1286 s) in Vincent et al. 2020, AJ 160, 252"
4307667617377160704,Gaia DR3 4307667617377160704,287.097272,9.226177,11.85,0.112,17.895,0.258,87874490,coadd,23.6,8.45,0.03,8.36,0.04,6385.1,6556.8,6725.1,-7.8,-3.4,4742.8,4844.8,4927.4,-17.9,-19.5,DA/DAH,WD*/DA,DA:,
5680077137810906624,GALEX J091732.4-185850,139.384725,-18.980516,11.228,0.096,17.615,0.083,100619073,coadd,12.9,6.18,0.04,6.19,0.04,6439.8,6552.7,6688.7,-11.9,23.1,4783.1,4846.2,4919.8,-16.5,10.5,DAH,WD*/DA,DA:,
4198738558061020928,GALEX J190543.6-114356,286.432103,-11.732315,9.589,0.127,17.858,0.14,86161874,visit MJD 60087,12.2,10.64,0.04,10.52,0.14,6342.7,6556.5,6770.8,-8.1,0.4,4706.7,4838.7,4939.1,-24.0,-31.7,DA/DAH,WD*/DA,DA,
5807585134758743040,Gaia DR3 5807585134758743040,255.507041,-70.75517,8.123,0.091,17.693,-0.242,102093483,visit MJD 60091,15.1,8.77,0.04,8.83,0.06,6382.3,6560.3,6735.4,-4.3,-2.9,4736.0,4844.8,4931.0,-17.8,-22.6,DA,WD*/DA:,DA:,
2883030508640778752,GALEX J060732.0-390139,91.883535,-39.027457,7.157,0.076,17.582,-0.097,72166485,coadd,32.7,8.83,0.05,8.39,0.3,6384.1,6551.1,6739.5,-13.5,21.5,4745.9,4844.7,4931.1,-18.0,-12.3,DAH,WD*/DA:,DA:,
6412133010376770560,GALEX J215736.7-574324,329.403003,-57.723675,6.911,0.176,18.645,0.12,110113191,coadd,8.9,7.96,0.05,7.9,0.05,6400.5,6561.5,6720.8,-3.1,-1.9,4753.1,4848.2,4927.6,-14.5,-15.6,DAH,WD*/DA,DA,
6430762242043644032,GALEX J203016.2-620507,307.567668,-62.085522,6.67,0.185,18.771,0.331,110269652,coadd,18.2,6.96,0.03,6.73,0.03,6420.5,6560.3,6700.8,-4.3,0.8,4771.6,4852.8,4920.1,-9.9,-13.8,DAH/DA,WD*/DA,DA,
5848754492268362624,Gaia DR3 5848754492268362624,223.401946,-66.059629,12.628,0.094,17.888,0.23,102767123,coadd,11.3,7.11,0.13,5.93,0.21,6418.8,6551.3,6705.1,-13.4,21.4,4794.4,4846.8,4925.3,-15.9,26.1,DAH/DA,WD*/DA,DA:,
428300220431345536,Gaia DR3 428300220431345536,6.453506,59.384357,11.551,0.079,17.572,0.108,54469146,coadd,15.9,6.51,0.1,5.86,0.04,6434.0,6553.4,6695.8,-11.2,23.1,4792.5,4845.5,4921.8,-17.2,23.2,DA/DAH,WD*/DA,DA:,
4241409569220727424,GALEX J195006.0+015739,297.524639,1.96052,10.086,0.15,18.226,0.24,86656865,visit MJD 59840,10.3,9.74,0.05,9.53,0.08,6364.2,6552.3,6756.4,-12.3,16.1,4722.6,4836.3,4933.2,-26.4,-16.8,DA/DAH,WD*/DA,DA,
50526755482496000,Cl* Melotte   25  REIDA     503,60.429979,19.587652,8.627,0.195,18.333,-0.033,114981621,visit MJD 60585,9.3,10.02,0.06,9.92,0.12,6354.6,6554.9,6757.8,-9.7,2.5,4717.8,4837.0,4936.9,-25.7,-19.4,DAH,WD*/DA:,DA:,
1199447137276626048,GALEX J155847.0+165740,239.695492,16.960838,8.002,0.146,18.283,-0.011,59714707,coadd,10.7,5.48,0.17,5.74,0.05,6457.5,6560.7,6678.1,-3.9,14.2,4791.3,4850.4,4918.0,-12.3,8.6,DAH,WD*/DA,DA,
4236646794083461120,Gaia DR3 4236646794083461120,302.129713,0.408982,7.408,0.141,18.069,0.075,86602351,coadd,14.5,5.44,0.12,5.41,0.04,6454.2,6560.7,6673.2,-3.9,6.0,4793.0,4855.7,4912.5,-7.0,-5.9,DA/DAH,WD*/DA,DA,
2833867392391927936,GALEX J224743.1+202608,341.929809,20.435512,6.728,0.118,17.688,-0.352,71868584,visit MJD 60582,11.8,10.34,0.05,10.35,0.11,6348.0,6557.7,6764.1,-6.9,-3.4,4711.5,4836.9,4940.0,-25.8,-22.1,DAH/DA,WD*/DA:,DA:,
3115382600062991872,Gaia DR3 3115382600062991872,105.639256,1.635147,6.131,0.19,18.412,-0.366,74858700,coadd,11.4,4.67,0.09,4.71,0.04,6474.6,6565.9,6662.4,1.2,5.3,4805.1,4860.6,4909.1,-2.1,-7.0,DA,WD*/DA,DA,
2069622487994113408,Gaia DR3 2069622487994113408,309.632334,43.308959,5.95,0.076,17.58,-0.222,66973839,coadd,15.5,6.81,0.03,6.39,0.08,6445.0,6551.4,6719.0,-13.3,61.2,4785.4,4845.3,4926.6,-17.4,21.4,DAH/DA,WD*/DA:,DA:,
657989024107287168,GALEX J083837.0+161140,129.654158,16.194709,3.738,0.289,19.111,0.029,56258874,coadd,5.3,8.62,0.07,8.64,0.06,6388.1,6556.4,6735.1,-8.3,10.5,4741.9,4856.3,4932.6,-6.3,-38.1,DA/DAH,WD?,,
4680104332056706304,GALEX J035849.5-605233,59.706693,-60.875923,3.348,0.123,18.697,-0.212,91813325,coadd,9.0,6.04,0.16,6.05,0.06,6443.6,6564.5,6686.7,-0.1,1.3,4784.2,4851.3,4917.8,-11.4,-0.5,DAH/DA,WD*/DA,DA,
4800536829945050752,GALEX J052137.6-425430,80.406995,-42.908481,2.974,0.251,19.525,-0.18,92784135,coadd,7.7,6.93,0.07,7.08,0.05,6427.7,6565.7,6706.7,1.1,2.9,4767.9,4853.9,4924.3,-8.8,-15.6,DA/DAH,WD?,,
4187365308538865792,Gaia DR3 4187365308538865792,291.914886,-12.498716,5.898,0.345,19.421,0.207,86043551,coadd,5.2,5.47,0.08,5.05,0.09,6456.2,6565.5,6676.2,0.9,1.4,4799.6,4853.7,4911.1,-9.0,3.3,DA/DAH,WD*/DA,DA,
375892788968158848,GALEX J004807.2+433940,12.030267,43.66131,4.33,0.216,19.121,0.073,117133411,coadd,9.7,8.76,0.04,3.74,0.15,6391.7,6548.2,6744.2,-16.4,39.4,4838.2,4857.4,4920.7,-5.3,44.2,DAH,WD*/DA:,DA:,
4833309388918586624,GALEX J033920.8-475633,54.837008,-47.942659,3.789,0.32,19.696,-0.098,93009757,coadd,5.2,7.27,0.08,7.36,0.09,6420.2,6565.7,6712.7,1.0,1.6,4763.4,4853.6,4926.0,-9.1,-17.7,DA/DAH,WD?,,
6465559379883395328,GALEX J213436.2-521245,323.651264,-52.2129,2.992,0.239,19.088,-0.412,110590871,coadd,9.6,4.16,0.06,4.68,0.05,6486.7,6566.2,6654.2,1.6,8.6,4805.2,4859.1,4908.6,-3.6,-4.4,DA,WD*/DA,DA,
5665371272869153152,Gaia DR3 5665371272869153152,145.361956,-20.508979,2.686,0.393,19.297,-0.279,100530586,coadd,7.7,8.5,0.3,4.15,0.08,6415.0,6552.7,6757.2,-11.9,66.8,4835.0,4853.0,4926.8,-9.7,55.9,DA,WD?,,
3327361677328480256,Gaia DR3 3327361677328480256,96.829103,9.557573,5.179,0.138,17.835,-0.27,76484599,visit MJD 59268,15.3,3.57,0.13,3.65,0.08,6492.4,6561.4,6636.0,-3.2,5.7,4821.6,4857.4,4902.3,-5.2,9.1,DA,WD*/DA,DA,
4679463733391272448,GALEX J040038.6-615458,60.161433,-61.916318,6.839,0.146,18.514,0.154,91808984,coadd,13.2,4.28,0.03,4.22,0.02,6477.8,6565.4,6650.1,0.8,-3.0,4810.8,4858.7,4904.0,-4.0,-2.6,DA,WD*/DA,DA,common proper motion with Gaia DR3 4679466653969618816 (G 9.83) at 86 arcsec
3290180587821828480,GALEX J050006.8+080244,75.028716,8.045709,7.118,0.229,18.906,0.248,76263172,coadd,10.3,5.3,0.09,5.1,0.04,6459.4,6563.0,6672.7,-1.6,6.1,4797.3,4856.2,4910.0,-6.5,-5.1,DA,WD*/DA,DA,
