gaia_dr3,name,set,ground,f_seed,ra_deg,dec_deg,parallax_mas,e_parallax_mas,G,bp_rp,g_sdss_syn,r_sdss_syn,i_sdss_syn,adopt_frequency_cd,adopt_reference
1038176780370360576,WDJ091433.60+581238.12,hot,ZTF,0.88135,138.63993464648794,58.21059815516159,1.235,0.105,17.726,-0.23,,,,,
1157401396015448960,WDJ151215.73+065156.43,hot,ZTF,4.42435,228.0654834229965,6.8656610739572805,1.01,0.105,17.22,-0.514,,,,,
1879989790567353344,WDJ221519.86+253059.05,hot,ZTF,1.2945,333.8327663041195,25.516401786269277,0.84,0.1,17.055,-0.524,,,,0.6472488,"Half the strongest ZTF peak: the light curve carries a coherent component at f/2 (semi-amplitude 1.4-1.5% in g and r, 22-25 sigma) and, folded at 2P, alternate maxima and minima differ by 30 mmag; the photometric period is 37.080 h with a dominant first harmonic"
920621124593362816,WDJ075540.94+400917.91,hot,ZTF,1.15465,118.9205269551095,40.15496625838184,0.951,0.128,17.797,-0.499,,,,,
953685015492787456,WDJ065819.86+441438.40,hot,ZTF,1.6277,104.58273749735348,44.243964767131146,2.071,0.104,17.528,-0.443,,,,0.8138455,"Half the strongest ZTF peak: coherent f/2 component (1.1% in r, 15 sigma; 2.5% in g) and unequal alternate minima (21 mmag) when folded at 2P; the photometric period is 29.490 h with a dominant first harmonic"
5157333438398813824,WDJ025657.85-145029.92,hot,ZTF,0.84155,44.24102938583394,-14.841633137088715,0.933,0.086,17.373,-0.457,,,,,
1415911839725510528,WDJ171743.52+515840.07,hot,ZTF,0.79685,259.431286274698,51.97775641101293,1.201,0.074,17.586,-0.169,,,,,
2311285729210966144,WDJ234931.84-353916.52,hot,ATLAS,0.90637,357.3827248023287,-35.65466872488739,1.134,0.131,17.877,-0.584,,,,,
3365371721281530880,WDJ065134.01+185201.09,hot,ATLAS,1.18978,102.8916841876463,18.86695356830758,0.909,0.176,18.099,-0.557,,,,,
1420761029600606592,WDJ172406.13+562003.08,dae,ZTF,4.00555,261.025605868952,56.334186800112214,2.483,0.038,16.258,-0.104,,,,3.002829,"Rebassa-Mansergas et al. 2008 (MNRAS 390, 1635): P_orb = 7.9924632 +- 0.0000312 h from IAC80/AIP photometry; TESS 2-min (14 sectors) 7.9882 h; the ZTF maximum 4.0055 c/d is the 1-day alias"
1337970174853051392,WDJ170125.28+343530.59,dae,ZTF,8.7671,255.355328229103,34.591738628865194,1.349,0.156,18.942,-0.03,,,,,
4409006786607484672,WDJ161752.97+015840.92,dae,ZTF,11.72315,244.4707182271177,1.977994716743478,0.811,0.258,18.945,-0.222,,,,,
3717349170269867520,WDJ132308.63+055900.97,dae,ZTF,8.94575,200.7859397473141,5.983604295490688,1.047,0.299,18.991,-0.289,,,,,
1769157090045264128,WDJ214656.86+143125.17,dae,ZTF,3.51345,326.736903920428,14.523617675182775,0.99,0.358,19.452,-0.058,,,,,
709815329316284928,WDJ083531.69+315503.31,dae,ZTF,5.42495,128.88203732829683,31.91757758426676,1.348,0.265,19.263,0.026,,,,,
926161868627454976,WDJ075449.34+442357.52,dae,ZTF,6.281,118.70562123619425,44.39929724622526,0.69,0.34,19.402,-0.217,,,,,
