gaia_dr3,name,tic,tess_mode,tess_sectors,ztf
6914922055508553984,WDJ205249.27-032419.53,1997276088,spoc,55 81,yes
2191618770599895296,WDJ212738.67+593755.72,2019069807,spoc,76 77 83 84,yes
5503429908930455808,WDJ070106.16-534811.37,,ffi,88 89 93 96 98,no
4844023064578952320,WDJ040444.35-395043.1,,ffi,106 107,no
2249098833310553728,WDJ194901.41+673005.59,1884345742,spoc,56 58 59 60 73 74 75 76 77 78 81 82 83,no
4705562733524591232,WDJ005615.18-661731.98,,ffi,1 2 28 29 68 69 95 96 103 104,no
4996506979251027584,WDJ001049.73-402029.49,616483543,spoc,103 105,no
303768056000635776,WDJ013915.33+312419.24,620689181,spoc,85,yes
5467851842959399808,WDJ103039.63-275438.60,874589139,spoc,99,yes
6177529630243170432,WDJ140056.81-264218.70,1055802439,spoc,102,yes
2482810406432480512,WDJ011651.58-044046.82,610652043,spoc,70 97,yes
