oid,expid,hjd,mjd,mag,magerr,catflags,filtercode,ra,dec,chi,sharp,filefracday,field,ccdid,qid,limitmag,magzp,magzprms,clrcoeff,clrcounc,exptime,airmass,programid
1700111200001326,62547851,2458379.9798667748,58379.4785185,18.2157936,0.0321786068,0,zg,69.055930900000007,38.622531700000003,0.435000002,0.00600000005,20180918478519,1700,0xb,0x2,21.6800003,26.3502655,0.0302190538,-0.0692751408,9.41570306e-06,30,1.03699994,2
1700111200001326,63036302,2458384.8648154857,58384.363020800003,18.2753773,0.033136677,0,zg,69.055941700000005,38.622526700000002,0.828000009,0.0149999997,20180923363009,1700,0xb,0x2,20.3400002,26.1565914,0.0455011427,-0.021681983,2.77312065e-05,30,1.40400004,2
1700111200001326,63143468,2458385.9365787734,58385.434687499997,18.3599567,0.0345843248,0,zg,69.0559753,38.622512999999998,0.754999995,0.0160000008,20180924434676,1700,0xb,0x2,20.5499992,26.309967,0.04216801,-0.0450825952,2.22412164e-05,30,1.08899999,2
1700111200001326,63439084,2458388.8929993818,58388.390844900001,18.2641792,0.032952819,0,zg,69.055940899999996,38.622543999999998,0.603999972,0.0209999997,20180927390833,1700,0xb,0x2,20.2700005,26.2746449,0.0455424562,-0.0292031802,2.83051158e-05,30,1.20000005,2
1700111200001326,63542971,2458389.9319564449,58389.429710600001,18.1117172,0.030619707,0,zg,69.055960600000006,38.622543899999997,0.648000002,-0.0209999997,20180928429699,1700,0xb,0x2,19.9699993,26.1152477,0.0467895046,-0.00451503368,3.52109346e-05,30,1.07599998,2
1700111200001326,63641252,2458390.9148547566,58390.4125231,18.2336273,0.0324601866,0,zg,69.055952099999999,38.622518300000003,0.754999995,-0.0370000005,20180929412512,1700,0xb,0x2,20.6100006,26.326088,0.0417418964,-0.0824358538,1.98604303e-05,30,1.11099994,2
1700111200001326,66943144,2458423.9361584364,58423.431446800001,18.2300453,0.032403294,0,zg,69.055942999999999,38.622547400000002,0.772000015,0.0280000009,20181101431435,1700,0xb,0x2,20.3999996,26.33218,0.0477039851,-0.0412782282,2.53192848e-05,30,1.00800002,2
1700111200001326,67235098,2458426.8558444767,58426.350983800003,18.1715012,0.0314978622,0,zg,69.055937900000004,38.622508500000002,0.72299999,-0.0599999987,20181104350903,1700,0xb,0x2,21.5799999,26.2122993,0.0333317965,-0.0901682898,1.12821153e-05,30,1.03600001,2
1700111200001326,67331865,2458427.8235648135,58427.318657399999,18.2443714,0.0326319449,32768,zg,69.0558446,38.622505099999998,0.619000018,0.0329999998,20181105318657,1700,0xb,0x2,19.3500004,25.6450863,0.0539131127,-0.0819002613,7.8393583e-05,30,1.09200001,2
1700111200001326,67630368,2458430.8087236308,58430.303680600002,18.2486992,0.0327015966,0,zg,69.055944100000005,38.622532700000001,0.73299998,0.0500000007,20181108303669,1700,0xb,0x2,21.6900005,26.3254623,0.0315950364,-0.0669612065,1.01690848e-05,30,1.11000001,2
1700111200001326,68222822,2458436.7335017244,58436.228229200002,18.2624626,0.0329247937,0,zg,69.0560665,38.622561500000003,0.856999993,0.165000007,20181114228218,1700,0xb,0x2,19.9200001,26.297905,0.0486021377,-0.0529523902,3.49042093e-05,30,1.36199999,2
1700111200001326,68437739,2458438.882738221,58438.377395800002,18.1914215,0.0318007953,32768,zg,69.055941500000003,38.622497600000003,0.811999977,-0.0379999988,20181116377384,1700,0xb,0x2,20.0799999,25.1004028,0.0559573658,-0.0211419873,4.70131745e-05,30,1.00199997,2
1700111200001326,68541307,2458439.9184521586,58439.413078700003,18.1521645,0.0312088002,0,zg,69.055960999999996,38.6225272,0.758000016,0.0410000011,20181117413067,1700,0xb,0x2,21.7600002,26.2126503,0.032976985,-0.0742311478,1.09433768e-05,30,1.03199995,2
1700111200001326,68924119,2458443.7466654014,58443.241192100002,18.2815552,0.0332388692,0,zg,69.0559449,38.622527699999999,1.07099998,-0.108999997,20181121241169,1700,0xb,0x2,20.2399998,26.309803,0.0476670712,-0.0618698336,3.01010023e-05,30,1.20000005,2
1700111200001326,72915475,2458483.659824546,58483.154756900003,18.1930695,0.0318260826,0,zg,69.055945100000002,38.622514799999998,1.14999998,0.00899999961,20181231154745,1700,0xb,0x2,20.8500004,26.3250046,0.0388311595,-0.0649776384,1.5000448e-05,30,1.12199998,2
1700111200001326,74121600,2458495.7204531324,58495.216006900002,18.2823181,0.0332515277,0,zg,69.055941000000004,38.622535499999998,0.754000008,-0.0199999996,20190112215961,1700,0xb,0x2,20.9599991,26.0735207,0.0386019796,-0.0666279644,1.49463076e-05,30,1.00199997,2
1700111200001326,75119835,2458505.7021413376,58505.198356499997,18.2124329,0.0321260318,0,zg,69.0560294,38.622477699999997,0.372000009,0.0829999968,20190122198345,1700,0xb,0x2,19.4200001,26.3342896,0.0470191985,-0.0475532562,4.97299661e-05,30,1.00399995,2
1700111200001326,98046851,2458734.9689051458,58734.468518499998,18.3093834,0.0337060392,0,zg,69.055962500000007,38.622511299999999,0.523000002,0.0209999997,20190908468507,1700,0xb,0x2,20.9500008,26.2508144,0.0393978506,-0.073555775,1.65480888e-05,30,1.11600006,2
1700111200001326,98046896,2458734.9693565895,58734.468969900001,18.2461128,0.0326599367,0,zg,69.055949799999993,38.622513599999998,0.552999973,0.00400000019,20190908468970,1700,0xb,0x2,21.1299992,26.2462044,0.0366695933,-0.0679767951,1.42709632e-05,30,1.11500001,3
1700111200001326,98349039,2458737.991065091,58737.490393499997,18.2070179,0.0320416503,0,zg,69.055972400000002,38.6225101,1.24699998,0.0160000008,20190911490370,1700,0xb,0x2,21.7800007,26.2599926,0.0332971588,-0.0870194063,1.17506161e-05,30,1.04999995,2
1700111200001326,98349084,2458737.9915165338,58737.4908449,18.2025757,0.0319727026,0,zg,69.055968100000001,38.622516300000001,0.709999979,-0.0410000011,20190911490845,1700,0xb,0x2,21.8400002,26.2565269,0.0317542292,-0.08645688,1.0643711e-05,30,1.04900002,3
1700111200001326,99543939,2458749.9411762599,58749.439398100003,18.290575,0.0333890729,0,zg,69.055973399999999,38.622527599999998,0.430000007,-0.0160000008,20190923439387,1700,0xb,0x2,21,26.2126446,0.0377293713,-0.0625258982,1.54694171e-05,30,1.08599997,2
1700111200001326,99543984,2458749.9416277017,58749.439849499999,18.2988281,0.033527527,0,zg,69.055965900000004,38.622521800000001,1.37899995,-0.0149999997,20190923439850,1700,0xb,0x2,20.9400005,26.1909409,0.0389575623,-0.0442388989,1.6465825e-05,30,1.08500004,3
1700111200001326,99743403,2458751.9359970954,58751.434039400003,18.3299904,0.0340593085,32768,zg,69.055977100000007,38.622540000000001,0.65200001,-0.0419999994,20190925434016,1700,0xb,0x2,20.7399998,25.6762829,0.0467607006,-0.0338401683,2.45239571e-05,30,1.08599997,2
1700111200001326,100443741,2458758.9399892231,58758.437419000002,18.2966957,0.0334916525,0,zg,69.055965999999998,38.622509800000003,0.745000005,0.0649999976,20191002437419,1700,0xb,0x2,21.5900002,26.2424393,0.0321037956,-0.0745653883,1.0633994e-05,30,1.04299998,2
1700111200001326,100443788,2458758.9404521622,58758.437881899998,18.2459888,0.0326579437,0,zg,69.055960400000004,38.622545000000002,0.842000008,-0.0280000009,20191002437870,1700,0xb,0x2,21.5400009,26.2404709,0.0336662196,-0.0749347284,1.16722331e-05,30,1.04200006,3
1700111200001326,100643180,2458760.9345442392,58760.431805599997,18.2173386,0.0322028287,0,zg,69.055967999999993,38.622532399999997,0.666999996,0.0260000005,20191004431806,1700,0xb,0x2,21.4200001,26.2360477,0.0353781246,-0.0644322783,1.33231333e-05,30,1.04299998,2
1700111200001326,100643225,2458760.9349955772,58760.4322569,18.1862049,0.0317209587,0,zg,69.055974899999995,38.622517799999997,0.894999981,0.0250000004,20191004432245,1700,0xb,0x2,21.3799992,26.247757,0.0353238918,-0.0722289607,1.33966823e-05,30,1.04200006,3
1700111200001326,101053584,2458765.0389202936,58764.535844899998,18.3356209,0.0341569223,0,zg,69.055980300000002,38.6225326,1.02699995,-0.0289999992,20191008535833,1700,0xb,0x2,20.6800003,26.2441063,0.0420663171,-0.072312139,1.98900871e-05,30,1.05200005,2
1700111200001326,101053629,2458765.0393717298,58764.536296300001,18.2987251,0.0335257798,0,zg,69.055984100000003,38.622515100000001,0.77700001,-0.0140000004,20191008536296,1700,0xb,0x2,20.7199993,26.2559986,0.0412642881,-0.0814821422,1.86394282e-05,30,1.05299997,3
1700111200001326,101147611,2458765.9792616707,58765.476111099997,18.2703819,0.0330544338,0,zg,69.055969099999999,38.622530500000003,0.286000013,0.0140000004,20191009476076,1700,0xb,0x2,21.7800007,26.2449703,0.0314210951,-0.0694228113,1.02574013e-05,30,1.00199997,2
1700111200001326,101147656,2458765.9797131065,58765.4765625,18.2679596,0.0330146849,0,zg,69.055975000000004,38.622521499999998,0.806999981,0.00600000005,20191009476562,1700,0xb,0x2,21.8299999,26.2405357,0.0311788134,-0.068305321,1.00156167e-05,30,1.00199997,3
1700111200001326,101235149,2458766.8547129054,58766.351493100003,18.2213631,0.0322660767,0,zg,69.055967499999994,38.622478999999998,0.781000018,-0.0579999983,20191010351493,1700,0xb,0x2,20.4500008,26.2181015,0.0443316847,-0.0697641373,2.38224475e-05,30,1.21899998,2
1700111200001326,101235194,2458766.8551642401,58766.351944399998,18.1933365,0.0318301879,0,zg,69.055966900000001,38.622513099999999,0.676999986,-0.0199999996,20191010351944,1700,0xb,0x2,20.6399994,26.2129364,0.042811688,-0.065225184,2.0887901e-05,30,1.21700001,3
1700111200001326,101334751,2458767.8508093897,58767.347511599997,18.0140095,0.0292796977,0,zg,69.055789599999997,38.622474400000002,0.991999984,1.50100005,20191011347512,1700,0xb,0x2,18.3999996,26.209259,0.0460408516,-0.0391140729,0.000169645966,30,1.22399998,2
1700111200001326,101334796,2458767.8512608423,58767.347963,18.2462845,0.0326627009,0,zg,69.055553599999996,38.622393000000002,0.722000003,0.171000004,20191011347963,1700,0xb,0x2,18.7999992,26.1887131,0.0499735512,-0.0177703425,0.000108288557,30,1.222,3
1700111200001326,101652106,2458771.0246047992,58770.521064799999,18.1915169,0.0318022594,0,zg,69.056002199999995,38.622509600000001,0.954999983,-0.108999997,20191014521053,1700,0xb,0x2,19.9500008,26.2556896,0.0490392819,-0.0744716451,3.86244683e-05,30,1.05499995,2
1700111200001326,101832944,2458772.8331179419,58772.329444399998,18.2080956,0.0320584141,0,zg,69.055826800000006,38.622468300000001,0.550000012,-0.165999994,20191016329444,1700,0xb,0x2,18.5100002,25.7707558,0.0465767756,-0.0107605504,0.00013677885,30,1.24399996,3
1700111200001326,102351631,2458778.0203567743,58777.516319399998,18.2122326,0.0321229063,0,zg,69.055958899999993,38.622539000000003,0.442999989,-0.00899999961,20191021516273,1700,0xb,0x2,20.4899998,26.2271175,0.0445359424,-0.051025141,2.30339774e-05,30,1.08399999,2
1700111200001326,102540703,2458779.9111994696,58779.407036999997,18.3468342,0.0343527384,0,zg,69.055976700000002,38.6225132,1.102,0.0130000003,20191023407014,1700,0xb,0x2,21.6299992,26.2542038,0.0363368131,-0.078445062,1.42596882e-05,30,1.01199996,2
1700111200001326,102540748,2458779.9116508993,58779.4074884,18.32271,0.0339337699,0,zg,69.055968100000001,38.622521399999997,0.815999985,0.0599999987,20191023407488,1700,0xb,0x2,21.5300007,26.2389545,0.0371444747,-0.0709395558,1.48860399e-05,30,1.01199996,3
1700111200001326,103245755,2458786.9621479157,58786.457557900001,18.3755302,0.0348625816,0,zg,69.056016400000004,38.622491199999999,0.644999981,0.136000007,20191030457546,1700,0xb,0x2,19.9300003,26.1310139,0.048211921,-0.0768038779,3.536226e-05,30,1.02600002,2
1700111200001326,103245800,2458786.9625993399,58786.458009299997,18.2382374,0.0325337015,0,zg,69.0560057,38.622537899999998,1.16299999,0.00600000005,20191030458009,1700,0xb,0x2,20.2000008,26.1580124,0.0488304049,-0.0806342214,3.10579089e-05,30,1.02600002,3
1700111200001326,103443575,2458788.9404505822,58788.4357523,18.1830521,0.0316728838,0,zg,69.056002500000005,38.622550699999998,0.384000003,0.0199999996,20191101435741,1700,0xb,0x2,21.0200005,26.2303295,0.041473534,-0.0683356747,1.77918882e-05,30,1.01100004,2
1700111200001326,103443620,2458788.9409020054,58788.436203700003,18.2773705,0.0331695899,0,zg,69.055991399999996,38.622582700000002,0.875999987,0.0649999976,20191101436204,1700,0xb,0x2,21.0400009,26.2221222,0.0420600958,-0.0593913384,1.8576633e-05,30,1.01100004,3
1700111200001326,104329456,2458797.7996755377,58797.294560200004,18.1536369,0.0312306583,0,zg,69.055930900000007,38.622502799999999,0.407000005,-0.00600000005,20191110294525,1700,0xb,0x2,20.2700005,26.2112656,0.0470683202,-0.0500476323,2.94936071e-05,30,1.12199998,2
1700111200001326,104329501,2458797.8001269558,58797.295011599999,18.1791325,0.0316132978,0,zg,69.055940199999995,38.622516400000002,0.582000017,0.0280000009,20191110295012,1700,0xb,0x2,20.2600002,26.1978912,0.0469504967,-0.0417154655,2.99017465e-05,30,1.12,3
1700111200001326,210740553,2459861.9086961313,59861.4055324,18.2227192,0.0322874449,0,zg,69.055995300000006,38.622499900000001,0.759000003,0.064000003,20221009405532,1700,0xb,0x2,20.2900009,26.3757286,0.0456196889,-0.0651952624,2.81290922e-05,30,1.06400001,2
1700111200001326,212041003,2459874.9141476084,59874.410034699999,18.3414688,0.0342587978,0,zg,69.056037599999996,38.622500299999999,1.44400001,0.129999995,20221022410035,1700,0xb,0x2,21.6800003,26.382885,0.0352130495,-0.069908455,1.33763642e-05,30,1.01199996,2
1700111200001326,212343782,2459877.942131151,59877.437824100001,18.1653671,0.0314056538,0,zg,69.056001300000005,38.622516599999997,0.48300001,0.0379999988,20221025437824,1700,0xb,0x2,21.5200005,26.3902969,0.033700943,-0.0643245727,1.20483282e-05,30,1.00300002,2
1700111200001326,215535164,2459909.8572133374,59909.351643499998,18.2354622,0.032489419,0,zg,69.056013899999996,38.622509800000003,0.437999994,0.0250000004,20221126351632,1700,0xb,0x2,21.4599991,26.4107494,0.0328054503,-0.0638950542,1.14535987e-05,30,1.00399995,2
1700111200001326,217626518,2459930.7706945478,59930.265185199998,18.2274151,0.0323616043,0,zg,69.056010499999999,38.622509700000002,0.824000001,0.0480000004,20221217265185,1700,0xb,0x2,21.4099998,26.4168739,0.0341335945,-0.0778841302,1.20643062e-05,30,1.00699997,2
1700111200001326,222622811,2459980.7307887846,59980.2281134,18.1958694,0.0318691507,0,zg,69.055996500000006,38.622528699999997,0.920000017,0.0649999976,20230205228102,1700,0xb,0x2,20.2099991,26.3901482,0.0467366837,-0.0455473736,3.05738831e-05,30,1.09399998,2
1700111200001326,222910187,2459983.6043016342,59983.101875,18.3538971,0.0344770625,0,zg,69.056012499999994,38.622522699999998,0.907999992,-0.0430000015,20230208101875,1700,0xb,0x2,20.9300003,26.4100018,0.0401843153,-0.0576645173,1.70580151e-05,30,1.02100003,2
1700111200001326,246238513,2460216.8874438922,60216.385138899997,18.2669716,0.0329985097,0,zg,69.0559832,38.622486899999998,0.275000006,-0.0250000004,20230929385127,1700,0xb,0x2,20.0100002,26.4499722,0.0482403859,-0.0843013823,3.90608257e-05,30,1.204,2
1700111200001326,246939020,2460223.8931072797,60223.390208299999,18.207119,0.0320432261,0,zg,69.056040199999998,38.6225047,0.740999997,0.00700000022,20231006390208,1700,0xb,0x2,20.7900009,26.397747,0.0388555825,-0.0757495016,1.64662579e-05,30,1.12199998,2
1700111200001326,247640865,2460230.9121121718,60230.408657400003,18.1687412,0.031456314,32768,zg,69.056023499999995,38.622486799999997,0.943000019,0.0759999976,20231013408657,1700,0xb,0x2,20.5499992,25.8116245,0.0511710793,-0.0425335839,3.06554612e-05,30,1.04100001,2
1700111200001326,247739442,2460231.8979504639,60231.3944213,18.312191,0.0337537974,0,zg,69.0560361,38.622487900000003,0.606999993,-0.00999999978,20231014394421,1700,0xb,0x2,21.5,26.3927917,0.0351581238,-0.0735229254,1.33050617e-05,30,1.06099999,2
1700111200001326,248037354,2460234.8772896687,60234.373541699999,18.2362766,0.0325024016,0,zg,69.056021700000002,38.622510900000002,1.16299999,0.0379999988,20231017373530,1700,0xb,0x2,21.4699993,26.3759708,0.0324740224,-0.0620236248,1.13003125e-05,30,1.08700001,2
1700111200001326,248137071,2460235.8745367061,60235.370717600003,18.1859818,0.0317175388,0,zg,69.056017499999996,38.622490300000003,1.23000002,0.0869999975,20231018370718,1700,0xb,0x2,21.7700005,26.4182644,0.0316422246,-0.0891947895,1.07227579e-05,30,1.08700001,2
1700111200001326,249139174,2460245.8962176037,60245.3917477,18.3648853,0.0346719958,0,zg,69.056102800000005,38.622539799999998,0.377000004,-0.057,20231028391678,1700,0xb,0x2,19.6599998,26.4179688,0.0450883433,-0.0450406857,3.9022565e-05,30,1.01400006,2
1700111200001326,249732329,2460251.8280938598,60251.3232986,18.2259789,0.0323388875,0,zg,69.056028299999994,38.622493200000001,0.490999997,0.0529999994,20231103323299,1700,0xb,0x2,20.6800003,26.4011765,0.0413587093,-0.0591805801,1.8612589e-05,30,1.09599996,2
1700111200001326,250038950,2460254.8944467884,60254.3895023,18.2641563,0.0329524502,0,zg,69.056034499999996,38.622509899999997,0.338,0.00400000019,20231106389398,1700,0xb,0x2,21.4799995,26.4224625,0.0337358043,-0.0744947493,1.20875065e-05,30,1.00300002,2
1700111200001326,250434496,2460258.8500821246,60258.344965299999,18.1902962,0.0317835398,0,zg,69.056018600000002,38.622520199999997,0.331999987,0.0109999999,20231110344931,1700,0xb,0x2,21.2600002,26.3905048,0.0349994451,-0.0659482405,1.30636872e-05,30,1.02499998,2
1700111200001326,250532302,2460259.8281766288,60259.323020800002,18.2116547,0.0321138799,0,zg,69.056016499999998,38.622509200000003,0.703999996,-0.0769999996,20231111323021,1700,0xb,0x2,21.6100006,26.3989658,0.0321704596,-0.0769616142,1.10789861e-05,30,1.05200005,2
1700111200001326,250631103,2460260.8162238514,60260.311030099998,18.3098907,0.033714667,0,zg,69.056007100000002,38.622520399999999,1.01999998,-0.0109999999,20231112311019,1700,0xb,0x2,21.2399998,26.3966274,0.0351058878,-0.0606252179,1.30816625e-05,30,1.06900001,2
1700111200001326,250938334,2460263.8886469472,60263.383344900001,18.193676,0.031835407,0,zg,69.056004099999996,38.622523899999997,1.04100001,0.0799999982,20231115383345,1700,0xb,0x2,21.4200001,26.3959694,0.034791708,-0.0655899867,1.25873703e-05,30,1.00399995,2
1700111200001326,253428782,2460288.7934374814,60288.2878241,18.2145767,0.0321595632,32768,zg,69.056032400000007,38.622503700000003,0.902999997,0.0189999994,20231210287812,1700,0xb,0x2,21.1200008,26.4135513,0.0351041034,-0.0717806667,1.23226482e-05,30,1.00600004,2
1700111200001326,255215655,2460306.6617502654,60306.156550899999,18.2546825,0.0327982977,32768,zg,69.056056600000005,38.622503299999998,0.693000019,0.0520000011,20231228156551,1700,0xb,0x2,20.1399994,26.3866978,0.0466791205,-0.0516770184,3.01316395e-05,30,1.14300001,2
1700111200001326,255423023,2460308.7353496137,60308.230231499998,18.2242451,0.0323115103,32768,zg,69.056030800000002,38.622503000000002,1.01699996,0.0309999995,20231230230185,1700,0xb,0x2,20.6100006,26.3842049,0.0447230712,-0.0410475023,2.13272233e-05,30,1.00699997,2
1700111200001326,257019842,2460324.702705883,60324.198425900002,18.1731892,0.031523332,0,zg,69.056013199999995,38.622513699999999,0.869000018,0.0199999996,20240115198414,1700,0xb,0x2,20.6000004,25.9788303,0.042961359,-0.0503111742,1.93746801e-05,30,1.00300002,2
1700111200001326,258622918,2460340.7323032171,60340.229189799997,18.2576904,0.0328471027,0,zg,69.056032200000004,38.622497000000003,0.740999997,-0.0120000001,20240131229062,1700,0xb,0x2,21.2999992,26.3982201,0.0340997092,-0.0759956688,1.17568025e-05,30,1.06500006,2
1700211200002220,60239252,2458356.8917032653,58356.392523100003,18.182478,0.0354694538,0,zr,69.055926900000003,38.6225199,0.758000016,-0.0799999982,20180826392512,1700,0xb,0x2,20.1399994,26.3063126,0.0237327535,0.105708547,5.75787635e-06,30,1.88199997,2
1700211200002220,60541707,2458359.9165343791,58359.417071800002,18.0732269,0.0331925526,32768,zr,69.055960099999993,38.622497699999997,0.700999975,0.057,20180829417072,1700,0xb,0x2,19.1499996,25.7588768,0.0424183011,0.0962603092,1.92197531e-05,30,1.51900005,2
1700211200002220,60843202,2458362.9317714823,58362.432025499998,18.2690849,0.0374352448,0,zr,69.055942299999998,38.622518399999997,0.699999988,-0.0189999994,20180901432002,1700,0xb,0x2,20.7900009,26.3647823,0.0193532109,0.0912760794,3.94107474e-06,30,1.347,2
1700211200002220,61852364,2458373.0243447619,58372.5236458,18.2031059,0.0359243192,0,zr,69.0559169,38.622558400000003,1.47399998,0.0790000036,20180911523611,1700,0xb,0x2,20.1000004,26.3547878,0.0246430673,0.113975391,6.31512103e-06,30,1.00999999,2
1700211200002220,63234232,2458386.8442989299,58386.342326400001,18.2081947,0.0360378027,0,zr,69.055960400000004,38.622506399999999,0.497000009,0.0120000001,20180925342315,1700,0xb,0x2,20.1800003,26.2931004,0.0245412625,0.1041032,6.58210001e-06,30,1.51900005,2
1700211200002220,66933289,2458423.8375998861,58423.332893500003,18.179142,0.0353966728,0,zr,69.055936500000001,38.622525400000001,1.39499998,0.00499999989,20181101332882,1700,0xb,0x2,21.1599998,26.285984,0.0192321315,0.101571843,3.78714003e-06,30,1.08500004,2
1700211200002220,67130789,2458425.8127022767,58425.307893500001,18.1474648,0.0347158872,0,zr,69.055953599999995,38.622508000000003,0.790000021,-0.0399999991,20181103307882,1700,0xb,0x2,21.1200008,26.2391167,0.021792477,0.0783323571,4.87292073e-06,30,1.13800001,2
1700211200002220,67531100,2458429.8160062833,58429.311006900003,18.2540512,0.037083324,0,zr,69.055950600000003,38.622527499999997,0.504000008,0.0260000005,20181107310995,1700,0xb,0x2,21.5499992,26.3578014,0.0220496524,0.0885967463,5.0369681e-06,30,1.09800005,2
1700211200002220,67731023,2458431.8153172978,58431.3102315,18.1536255,0.0348468199,0,zr,69.055863200000005,38.622555599999998,0.954999983,0.0130000003,20181109310220,1700,0xb,0x2,19.6800003,26.2943954,0.0344283804,0.112681344,1.20452205e-05,30,1.08599997,2
1700211200002220,67830284,2458432.8079736712,58432.302847200001,18.1704655,0.0352083109,0,zr,69.055925700000003,38.622527300000002,0.667999983,-0.0379999988,20181110302836,1700,0xb,0x2,21.1399994,26.3423767,0.0181629453,0.108758457,3.37044503e-06,30,1.09800005,2
1700211200002220,68032501,2458434.83021631,58434.325011599998,18.1914635,0.0356665999,0,zr,69.055946899999995,38.622546399999997,1.06599998,-0,20181112325000,1700,0xb,0x2,20.6000004,26.3453369,0.0207683556,0.10811425,4.41218663e-06,30,1.04200006,2
1700211200002220,68131751,2458435.8227524064,58435.317511599998,18.0986977,0.0337040462,0,zr,69.055790299999998,38.622578900000001,0.856000006,0.393999994,20181113317512,1700,0xb,0x2,19.3400002,26.3355618,0.0425931588,0.10985142,1.87403493e-05,30,1.04999995,2
1700211200002220,68228355,2458436.788827653,58436.283553200003,18.3995361,0.0406884588,32768,zr,69.055995899999999,38.622506000000001,1.31099999,-0.166999996,20181114283542,1700,0xb,0x2,18.5400009,25.0994244,0.0591084287,0.0540398285,4.9133334e-05,30,1.12,2
1700211200002220,68331943,2458437.824741845,58437.319432900003,18.212429,0.0361326076,0,zr,69.055966299999994,38.6225241,0.808000028,0.0149999997,20181115319375,1700,0xb,0x2,20.7800007,26.370348,0.0207777768,0.101926394,4.38464895e-06,30,1.03799999,2
1700211200002220,68527478,2458439.7801494976,58439.2747801,18.1206131,0.0341534093,32768,zr,69.055948900000004,38.622511000000003,0.70599997,0.0160000008,20181117274722,1700,0xb,0x2,20.2700005,25.6014843,0.033512339,0.11454694,1.14849827e-05,30,1.12199998,2
1700211200002220,68732046,2458441.8258891674,58441.320462999996,18.1934948,0.0357113816,0,zr,69.055944999999994,38.622532499999998,0.814999998,-0.0659999996,20181119320451,1700,0xb,0x2,20.6399994,26.173296,0.0230099168,0.101030909,5.4659854e-06,30,1.023,2
1700211200002220,68915975,2458443.6652282565,58443.159756900001,18.3379173,0.0391062535,0,zr,69.055939300000006,38.622532800000002,0.550999999,-0.0439999998,20181121159722,1700,0xb,0x2,20.2399998,26.2786503,0.0257577375,0.0892868489,6.73130762e-06,30,1.81599998,2
1700211200002220,68935137,2458443.8568531629,58443.351377300001,18.2848701,0.0378097333,0,zr,69.055946700000007,38.622511299999999,1.148,0.00400000019,20181121351366,1700,0xb,0x2,20.7199993,26.3608284,0.0239129309,0.0995607376,5.82169059e-06,30,1.00100005,2
1700211200002220,69439322,2458448.8987994078,58448.393229200003,18.158886,0.0349591747,0,zr,69.055935899999994,38.622517999999999,0.89200002,-0.0610000007,20181126393218,1700,0xb,0x2,20.4699993,26.362793,0.0223743878,0.0956249088,5.12399947e-06,30,1.03799999,2
1700211200002220,69535106,2458449.8566482193,58449.351064800001,18.1320286,0.0343909189,0,zr,69.055913099999998,38.622508799999999,0.300000012,-0.0140000004,20181127351053,1700,0xb,0x2,20.0699997,26.1179886,0.0393223315,0.125145078,1.58345356e-05,30,1.00300002,2
1700211200002220,70323238,2458457.7380180517,58457.232384299998,18.2057209,0.0359825827,0,zr,69.055946700000007,38.622520100000003,0.762000024,-0.00899999961,20181205232373,1700,0xb,0x2,20.2600002,26.3536777,0.0238083061,0.0962939933,5.75176409e-06,30,1.10399997,2
1700211200002220,71719689,2458471.7023636308,58471.196898100003,18.2116966,0.036116194,0,zr,69.056029100000003,38.622495000000001,0.35800001,0.0140000004,20181219196887,1700,0xb,0x2,19.5900002,26.1385918,0.0305867251,0.113618262,9.6548456e-06,30,1.09599996,2
1700211200002220,72233163,2458476.8369544116,58476.331631900001,18.1115494,0.0339665152,0,zr,69.055968100000001,38.622523999999999,0.773999989,0.023,20181224331632,1700,0xb,0x2,20.4400005,26.3444691,0.0230517071,0.107260533,5.42796761e-06,30,1.06400001,2
1700211200002220,78628166,2458540.7824101127,58540.281666700001,18.1723804,0.0352497697,0,zr,69.055993299999997,38.622529399999998,0.210999995,-0.0179999992,20190226281655,1700,0xb,0x2,20.4699993,26.1131916,0.0226758178,0.116655007,5.24002053e-06,30,1.75699997,1
1700211200002220,96850870,2458723.0079638208,58722.508703699998,18.1581268,0.034942925,0,zr,69.055983800000007,38.622529399999998,0.97299999,0.00499999989,20190827508692,1700,0xb,0x2,20.9699993,26.2447739,0.0204050299,0.102730937,4.56896214e-06,30,1.097,2
1700211200002220,96850915,2458723.0084152645,58722.5091551,18.1841755,0.03550658,0,zr,69.055965799999996,38.6225308,0.736000001,-0.0460000001,20190827509155,1700,0xb,0x2,21.2299995,26.2418194,0.0192754138,0.10620077,4.06880326e-06,30,1.09500003,3
1700211200002220,96950967,2458724.0090295151,58723.509675900001,18.165905,0.0351098999,0,zr,69.055963599999998,38.622496400000003,0.856000006,-0.0610000007,20190828509583,1700,0xb,0x2,21.2900009,26.2634392,0.0192289148,0.0949439704,4.0336331e-06,30,1.08800006,2
1700211200002220,96951012,2458724.0094809569,58723.510127299996,18.1462746,0.0346906856,0,zr,69.055971099999994,38.622502300000001,0.894999981,0.0219999999,20190828510127,1700,0xb,0x2,21.3299999,26.2647991,0.0194490794,0.0923674554,4.05623587e-06,30,1.08700001,3
1700211200002220,97151561,2458726.0151550742,58725.515613399999,18.1635952,0.0350601897,0,zr,69.055939899999998,38.622506899999998,0.488999993,-0.0170000009,20190830515613,1700,0xb,0x2,20.8700008,26.2773342,0.0202905294,0.103613496,4.53405983e-06,30,1.06299996,2
1700211200002220,97151606,2458726.0156065151,58725.516064800002,18.1369209,0.0344934389,0,zr,69.055959299999998,38.622517299999998,0.414000005,-0.00700000022,20190830516053,1700,0xb,0x2,20.7999992,26.2656555,0.0203718413,0.101146191,4.60414321e-06,30,1.06299996,3
1700211200002220,97251263,2458727.0122743309,58726.5126389,18.1977901,0.0358063243,0,zr,69.055950999999993,38.622514799999998,0.86500001,-0.0289999992,20190831512616,1700,0xb,0x2,21.3199997,26.2715111,0.0188752934,0.09701965,3.9385759e-06,30,1.06400001,2
1700211200002220,97251309,2458727.0127257723,58726.513090300003,18.202343,0.0359073505,0,zr,69.055965999999998,38.622522699999998,0.771000028,-0.0450000018,20190831513090,1700,0xb,0x2,21.2099991,26.2620602,0.0192259233,0.102698483,4.08826554e-06,30,1.06299996,3
1700211200002220,98542195,2458739.9228090229,58739.421955999998,18.1757088,0.0353219733,0,zr,69.055982099999994,38.622530900000001,0.899999976,-0.0599999987,20190913421944,1700,0xb,0x2,20.6000004,26.2435684,0.0219244938,0.101358317,5.27749262e-06,30,1.23300004,2
1700211200002220,98542240,2458739.9232604671,58739.422407400001,18.0755882,0.033239495,0,zr,69.055965400000005,38.622504300000003,0.685000002,0.0140000004,20190913422407,1700,0xb,0x2,20.7000008,26.2434368,0.023137534,0.108033597,5.90280933e-06,30,1.23099995,3
1700211200002220,98641225,2458740.9132026806,58740.412256900003,18.1559391,0.0348961726,0,zr,69.055975799999999,38.6225284,1.34099996,-0.130999997,20190914412257,1700,0xb,0x2,20.2900009,26.2277699,0.0246088393,0.108770505,6.71581302e-06,30,1.26499999,2
1700211200002220,98739604,2458741.8970794082,58741.396041699998,18.241703,0.0367976874,0,zr,69.055947099999997,38.622517100000003,0.753000021,0.0140000004,20190915396030,1700,0xb,0x2,20.3700008,26.2295017,0.0226709284,0.091584526,5.73656735e-06,30,1.33700001,2
1700211200002220,98740273,2458741.9037698349,58741.402731499998,18.1732311,0.0352681875,0,zr,69.055978300000007,38.6225223,0.598999977,-0.0299999993,20190915402732,1700,0xb,0x2,20.3199997,26.198061,0.0232341848,0.115030676,5.94591302e-06,30,1.29999995,3
1700211200002220,99045641,2458744.9577340917,58744.456412,18.1358337,0.0344706178,0,zr,69.055992599999996,38.622490800000001,0.503000021,-0.0270000007,20190918456412,1700,0xb,0x2,19.9699993,26.2546101,0.025494121,0.11448402,7.12305518e-06,30,1.07799995,2
1700211200002220,99045686,2458744.9581855345,58744.456863400002,18.1930065,0.0357005931,0,zr,69.055971900000003,38.622534100000003,0.896000028,0.0340000018,20190918456863,1700,0xb,0x2,20.0100002,26.2647877,0.0243791789,0.105479084,6.45898217e-06,30,1.07700002,3
1700211200002220,99145798,2458745.9594006245,58745.457986100002,18.107235,0.0338780805,0,zr,69.055950499999994,38.622510400000003,0.864000022,-0.0140000004,20190919457963,1700,0xb,0x2,20.0599995,26.2421036,0.0254444163,0.126809388,7.07863683e-06,30,1.06900001,2
1700211200002220,99145842,2458745.9598404635,58745.458425899997,18.1664581,0.0351218171,0,zr,69.055964099999997,38.622529499999999,0.833000004,0.0850000009,20190919458426,1700,0xb,0x2,20.2099991,26.2573338,0.0227405429,0.112481318,5.64151242e-06,30,1.06799996,3
1700211200002220,99443211,2458748.933804878,58748.432118099998,18.1923122,0.0356853008,0,zr,69.055981500000001,38.622528699999997,0.933000028,0.0199999996,20190922432025,1700,0xb,0x2,20.6599998,26.2261486,0.0218942538,0.103495322,5.24144616e-06,30,1.11099994,2
1700211200002220,99445162,2458748.9533089609,58748.451620400003,18.1857452,0.0355409607,0,zr,69.055970799999997,38.622535499999998,0.510999978,-0.00400000019,20190922451539,1700,0xb,0x2,20.6599998,26.239584,0.0225147996,0.112652518,5.62447121e-06,30,1.06599998,3
1700211200002220,99648613,2458750.9880069345,58750.486134300001,18.2279778,0.036483746,0,zr,69.055963199999994,38.622522400000001,0.377000004,-0.0299999993,20190924486111,1700,0xb,0x2,20.8099995,26.2097797,0.0202336702,0.106168576,4.46111608e-06,30,1.01199996,2
1700211200002220,99648658,2458750.988458273,58750.486585600003,18.2174263,0.0362449475,0,zr,69.055991899999995,38.622527400000003,0.811999977,-0.0289999992,20190924486586,1700,0xb,0x2,20.8799992,26.2112293,0.0193943158,0.106428087,4.09553786e-06,30,1.01199996,3
1700211200002220,100740596,2458761.9087803969,58761.405960600001,18.1620407,0.0350267962,0,zr,69.055967100000004,38.622529999999998,0.953999996,0.0199999996,20191005405961,1700,0xb,0x2,21.0300007,26.2569447,0.0186747424,0.110993959,3.74717888e-06,30,1.08800006,2
1700211200002220,100740641,2458761.909231835,58761.406411999997,18.1937332,0.035716638,0,zr,69.055966299999994,38.622520000000002,0.828000009,-0.0540000014,20191005406412,1700,0xb,0x2,21.0200005,26.2536354,0.0190931447,0.104505807,3.93327309e-06,30,1.08700001,3
1700211200002220,101043681,2458764.9398845434,58764.436817100002,18.2723923,0.0375132933,0,zr,69.0559741,38.622518700000001,0.98299998,0.0359999985,20191008436806,1700,0xb,0x2,21.5400009,26.2643719,0.0206904802,0.0939883441,4.60646334e-06,30,1.02199996,2
1700211200002220,101043726,2458764.9403359806,58764.437268499998,18.2384968,0.0367240086,0,zr,69.055961199999999,38.622518300000003,0.458000004,0.0270000007,20191008437269,1700,0xb,0x2,21.6100006,26.2764683,0.0208991282,0.0942014456,4.67496966e-06,30,1.02199996,3
1700211200002220,101138520,2458765.8883516183,58765.385208300002,18.2566528,0.0371439122,0,zr,69.055952399999995,38.622509999999998,0.66900003,0.00300000003,20191009385197,1700,0xb,0x2,21.0100002,26.2585487,0.0188429654,0.109292895,3.8262001e-06,30,1.11199999,2
1700211200002220,101138565,2458765.8888030546,58765.385659699998,18.2277126,0.036477726,0,zr,69.055954,38.622512100000002,0.395999998,0.00700000022,20191009385660,1700,0xb,0x2,21.0400009,26.258604,0.018731894,0.1057873,3.81811196e-06,30,1.11099994,3
1700211200002220,101538004,2458769.8835003367,58769.380046300001,18.168375,0.0351631604,0,zr,69.055973199999997,38.622545799999997,0.435000002,0.0329999998,20191013380046,1700,0xb,0x2,20.2199993,26.2343693,0.0242382176,0.108235031,6.29076339e-06,30,1.097,2
1700211200002220,101538049,2458769.8839517711,58769.380497700004,18.117157,0.0340819731,0,zr,69.055975200000006,38.622545600000002,0.880999982,0.0719999969,20191013380498,1700,0xb,0x2,20.3600006,26.2451496,0.0230376665,0.104114428,5.65821301e-06,30,1.09599996,3
1700211200002220,101634868,2458770.852207676,58770.3486806,18.2133884,0.0361541435,0,zr,69.055969700000006,38.6225357,0.675000012,-0.0280000009,20191014348611,1700,0xb,0x2,20.1200008,26.2343483,0.0241279341,0.110351413,6.19333196e-06,30,1.18599999,2
1700211200002220,101634913,2458770.8526590127,58770.349131900002,18.2312317,0.0365578458,0,zr,69.055940699999994,38.622517799999997,0.921999991,0.158999994,20191014349132,1700,0xb,0x2,20.1399994,26.2531929,0.0262259468,0.101019964,7.31956789e-06,30,1.18499994,3
1700211200002220,101736521,2458771.8688226505,58771.365219899999,18.2452736,0.0368799642,0,zr,69.055984600000002,38.622544699999999,0.305000007,-0.0460000001,20191015365220,1700,0xb,0x2,19.7600002,26.2342224,0.0288312826,0.120088935,8.83709072e-06,30,1.12300003,2
1700211200002220,101736567,2458771.8692740845,58771.365671300002,18.2044525,0.0359543115,0,zr,69.055985100000001,38.622528799999998,0.552999973,-0.0480000004,20191015365660,1700,0xb,0x2,19.8400002,26.2493992,0.0276180934,0.104404286,8.15440853e-06,30,1.12100005,3
1700211200002220,102243129,2458776.9352600481,58776.431296299997,18.0877914,0.0334836207,0,zr,69.055976000000001,38.622514199999998,1.06099999,-0.0520000011,20191020431227,1700,0xb,0x2,20.2199993,26.2586899,0.023743622,0.112733968,5.94667654e-06,30,1.00399995,2
1700211200002220,102243174,2458776.9357114783,58776.4317477,18.1933403,0.035707958,0,zr,69.055966400000003,38.622555599999998,0.907000005,0.00999999978,20191020431748,1700,0xb,0x2,20.3299999,26.2572479,0.0221098792,0.114275731,5.22327582e-06,30,1.00399995,3
1700211200002220,102341394,2458777.9179773033,58777.413946799999,18.1240788,0.0342252553,0,zr,69.055936799999998,38.622549499999998,0.753000021,0.00300000003,20191021413924,1700,0xb,0x2,20.25,26.2500343,0.0232257973,0.118056342,5.72727231e-06,30,1.01100004,2
1700211200002220,102341439,2458777.9184286334,58777.414398100002,18.090107,0.0335302539,0,zr,69.055967899999999,38.622510499999997,0.629000008,0.0120000001,20191021414398,1700,0xb,0x2,20.2600002,26.2480545,0.024359243,0.123497851,6.31965395e-06,30,1.01100004,3
1700211200002220,102441697,2458778.9210766978,58778.416979200003,18.2374706,0.0367004648,0,zr,69.055966999999995,38.622540999999998,0.864000022,-0.0179999992,20191022416968,1700,0xb,0x2,20.5400009,26.2573471,0.0209219363,0.113331251,4.60860156e-06,30,1.00800002,2
1700211200002220,102447857,2458778.9826779682,58778.478576399997,18.195509,0.0357558466,0,zr,69.055969200000007,38.622527699999999,0.595000029,0.0149999997,20191022478519,1700,0xb,0x2,20.3099995,26.2504845,0.0238588545,0.122390047,6.04348315e-06,30,1.02499998,3
1700211200002220,102838996,2458782.8943163552,58782.389965299997,18.14361,0.0346343145,0,zr,69.055965099999995,38.622515900000003,0.741999984,0.0560000017,20191026389942,1700,0xb,0x2,21.0599995,26.2695332,0.0199723653,0.103630669,4.37846984e-06,30,1.01999998,2
1700211200002220,102839041,2458782.8947677831,58782.3904167,18.1694603,0.035186585,0,zr,69.055961199999999,38.622512899999997,0.532999992,0.0309999995,20191026390417,1700,0xb,0x2,21.1299992,26.2723808,0.0196789131,0.104357414,4.21866844e-06,30,1.01999998,3
1700211200002220,102932447,2458783.8288870309,58783.324479199997,18.1982384,0.035816256,0,zr,69.055964099999997,38.622518100000001,0.568000019,0.0179999992,20191027324468,1700,0xb,0x2,21.0300007,26.2062321,0.0196033437,0.108962357,4.05125547e-06,30,1.14699996,2
1700211200002220,102932493,2458783.8293384584,58783.3249306,18.1686058,0.03516813,0,zr,69.055958700000005,38.6225138,0.55400002,-0.0700000003,20191027324919,1700,0xb,0x2,21.0900002,26.2246037,0.0191565435,0.0974751934,3.92100446e-06,30,1.14499998,3
1700211200002220,103235643,2458786.8610195299,58786.356435200003,18.3929596,0.0405155718,0,zr,69.055926999999997,38.622837400000002,1.44799995,0.745000005,20191030356424,1700,0xb,0x2,19.3500004,26.2379627,0.0385171399,0.112483405,1.56503847e-05,30,1.04999995,2
1700211200002220,103235688,2458786.8614709578,58786.356886599999,18.2931709,0.0380087122,0,zr,69.056241299999996,38.622325199999999,0.939999998,0.342999995,20191030356887,1700,0xb,0x2,19.2600002,26.2291832,0.0423337594,0.121284276,1.92632215e-05,30,1.04900002,3
1700211200002220,103327837,2458787.7830151417,58787.2783796,18.223526,0.0363827348,0,zr,69.055952700000006,38.622536400000001,0.643999994,0.0549999997,20191031278380,1700,0xb,0x2,20.7999992,26.2516155,0.0195630509,0.105909474,4.08192e-06,30,1.29299998,2
1700211200002220,103327884,2458787.7834781664,58787.278842599997,18.1902351,0.0356395468,0,zr,69.055993200000003,38.622506399999999,0.574999988,-0.00800000038,20191031278831,1700,0xb,0x2,20.6700001,26.2553272,0.0204432122,0.102841631,4.40528993e-06,30,1.29100001,3
1700211200002220,103435231,2458788.8570086202,58788.352314800002,18.1849709,0.0355239846,0,zr,69.055968800000002,38.622518900000003,1.05200005,-0.0799999982,20191101352315,1700,0xb,0x2,21,26.2529411,0.0198449343,0.111066349,4.1794724e-06,30,1.04799998,2
1700211200002220,103435276,2458788.8574600439,58788.352766199998,18.203764,0.0359389707,0,zr,69.055968399999998,38.622542199999998,0.584999979,-0.0260000005,20191101352766,1700,0xb,0x2,20.9599991,26.2607288,0.0206876602,0.108082667,4.56562702e-06,30,1.04700005,3
1700211200002220,104130765,2458795.8126822226,58795.307650499999,18.2349281,0.0366422646,0,zr,69.055964900000006,38.622501499999998,0.43900001,-0.0370000005,20191108307650,1700,0xb,0x2,20.9099998,26.2708206,0.0206755362,0.0976364687,4.65444873e-06,30,1.10099995,2
1700211200002220,104130810,2458795.8131336416,58795.308101900002,18.1948433,0.0357411429,0,zr,69.055971999999997,38.6225162,0.785000026,-0.0529999994,20191108308102,1700,0xb,0x2,20.9099998,26.2727356,0.020041341,0.0947307274,4.34091407e-06,30,1.10000002,3
1700211200002220,104428464,2458798.7897959952,58798.2846412,18.1145821,0.034028884,0,zr,69.055941500000003,38.622518999999997,0.76700002,-0.0670000017,20191111284641,1700,0xb,0x2,20.1900005,26.2535095,0.0256210566,0.115543887,7.06804303e-06,30,1.14300001,2
1700211200002220,104428509,2458798.7902474124,58798.285092600003,18.2024269,0.0359092355,0,zr,69.0559753,38.622503000000002,0.542999983,0.0359999985,20191111285081,1700,0xb,0x2,20.2199993,26.2583599,0.0245914664,0.110434748,6.51344044e-06,30,1.14199996,3
1700211200002220,210735207,2459861.8552312576,59861.3520718,18.1102028,0.0339388698,0,zr,69.056006800000006,38.622493300000002,0.744000018,0.0610000007,20221009352060,1700,0xb,0x2,20.5,26.3878498,0.02618807,0.0934157297,7.48923321e-06,30,1.22500002,2
1700211200002220,211643162,2459870.935461828,59870.431620399999,18.16996,0.0351973809,0,zr,69.056032700000003,38.622523200000003,0.776000023,-0.0270000007,20221018431609,1700,0xb,0x2,20.9699993,26.4166393,0.0187597033,0.10885419,3.8455637e-06,30,1.00600004,2
1700211200002220,212235704,2459876.8612876208,59876.357048600003,18.1490669,0.0347498693,0,zr,69.056031599999997,38.622496499999997,1.38100004,0.0199999996,20221024356806,1700,0xb,0x2,20.3799992,26.4069023,0.0241289344,0.110103548,6.40018561e-06,30,1.08000004,2
1700211200002220,212543258,2459879.9370097257,59879.432581000001,18.1723709,0.0352495648,0,zr,69.056015500000001,38.6225454,0.629999995,-0.0199999996,20221027432569,1700,0xb,0x2,20.8999996,26.4022942,0.0201898348,0.116101712,4.44349098e-06,30,1.00300002,2
1700211200002220,212832289,2459882.8274893491,59882.322893500001,18.2099991,0.0360781699,0,zr,69.056010700000002,38.622507400000003,0.512000024,0.0130000003,20221030322894,1700,0xb,0x2,21.1200008,26.3229027,0.0194100533,0.101904407,4.08571441e-06,30,1.125,2
1700211200002220,212936576,2459883.8704173397,59883.365763900001,18.1294117,0.0343362615,0,zr,69.0560057,38.6225247,0.665000021,-0.00200000009,20221031365752,1700,0xb,0x2,20.9300003,26.4062481,0.020086797,0.115237944,4.35610355e-06,30,1.03199995,2
1700211200002220,213434484,2459888.8497571032,59888.344849499998,18.2342205,0.0366260745,0,zr,69.055983600000005,38.622527499999997,0.856000006,-0.151999995,20221105344838,1700,0xb,0x2,19.7199993,26.0733166,0.0319979303,0.111433342,1.1020481e-05,30,1.04200006,2
1700211200002220,213530890,2459889.8138532462,59889.3089005,18.253067,0.0370604582,0,zr,69.055986200000007,38.622555800000001,0.612999976,0.0340000018,20221106308889,1700,0xb,0x2,20.2299995,26.4151421,0.0228841212,0.109914534,5.55137376e-06,30,1.11099994,2
1700211200002220,214740956,2459901.9149615495,59901.409560200002,18.1777878,0.0353671759,0,zr,69.056009500000002,38.622510300000002,0.911000013,-0.0170000009,20221118409549,1700,0xb,0x2,21.2000008,26.4158897,0.0221234486,0.10808152,5.26667873e-06,30,1.03100002,2
1700211200002220,214933342,2459903.8388775354,59903.333425899997,18.2661457,0.0373660959,0,zr,69.056016299999996,38.622521499999998,0.547999978,-0.0270000007,20221120333426,1700,0xb,0x2,20.9500008,26.4240284,0.0184441265,0.110503785,3.72341378e-06,30,1.00999999,2
1700211200002220,215132491,2459905.8304163562,59905.324918999999,18.3341522,0.0390122756,32768,zr,69.056032700000003,38.622471900000001,0.460000008,-0.0149999997,20221122324919,1700,0xb,0x2,19.2900009,24.8592644,0.0486339442,0.149303451,2.66846309e-05,30,1.01199996,2
1700211200002220,253526943,2460289.7750373036,60289.269432900001,18.2215462,0.036337927,0,zr,69.056014200000007,38.622511500000002,0.214000002,-0.00100000005,20231211269421,1700,0xb,0x2,21.1599998,26.3557129,0.023366468,0.0930625796,5.678653e-06,30,1.01600003,2
1700211200002220,256125016,2460315.7549566142,60315.250161999997,18.1526203,0.0348254107,0,zr,69.056011299999994,38.622544400000002,0.790000021,0.0140000004,20240106250150,1700,0xb,0x2,20.7399998,26.4089069,0.0203000046,0.112911582,4.29911552e-06,30,1.00800002,2
1700211200002220,258424967,2460338.7529479791,60338.249675899999,18.0819321,0.0333660729,32768,zr,69.056130400000001,38.622480000000003,1.17999995,-0.0659999996,20240129249676,1700,0xb,0x2,19.2900009,25.921896,0.0385186709,0.109059267,1.57197192e-05,30,1.09899998,2
1700211200002220,266514465,2460419.6408126415,60419.144652800001,18.2112579,0.0361063629,0,zr,69.056031700000005,38.622549499999998,0.861000001,-0.0450000018,20240419144641,1700,0xb,0x2,20.0799999,26.3318424,0.029505156,0.0959672108,8.84518613e-06,30,1.84200001,2
1700211200002220,266514758,2460419.6437406405,60419.147580999997,18.1312218,0.0343740471,0,zr,69.056004900000005,38.622509899999997,0.648999989,-0.0419999994,20240419147581,1700,0xb,0x2,19.9899998,26.2888241,0.0266050305,0.117051631,7.35605772e-06,30,1.88199997,2
1700211200002220,266515050,2460419.6466687438,60419.150509300001,18.1319485,0.0343892463,0,zr,69.056009599999996,38.622556899999999,1.04299998,0.00800000038,20240419150509,1700,0xb,0x2,19.9599991,26.2785835,0.0282503963,0.119900361,8.20061996e-06,30,1.92499995,2
1700211200002220,266614491,2460420.6410126346,60420.144918999998,18.2325706,0.0365883857,0,zr,69.056019399999997,38.622508400000001,0.670000017,-0.00700000022,20240420144907,1700,0xb,0x2,19.9400005,26.2821674,0.0272400659,0.122955173,7.5847438e-06,30,1.88300002,2
1700211200002220,266614837,2460420.6444730056,60420.148379600003,18.1487312,0.0347427353,0,zr,69.056024399999998,38.622534700000003,0.199000001,-0.0160000008,20240420148356,1700,0xb,0x2,19.7399998,26.2693615,0.0299848877,0.12669836,9.39523397e-06,30,1.93299997,2
1700211200002220,266615184,2460420.6479334757,60420.151840300001,18.1579304,0.0349387154,0,zr,69.056047199999995,38.622517199999997,0.467000008,0.0199999996,20240420151817,1700,0xb,0x2,19.8099995,26.2755966,0.0302468482,0.11418853,9.36191009e-06,30,1.98699999,2
1700211200002220,274648137,2460500.9769001086,60500.481377299999,18.1581116,0.0349425934,0,zr,69.056094400000006,38.622557399999998,0.616999984,0.00700000022,20240709481377,1700,0xb,0x2,18.9799995,26.1605949,0.0455960259,0.124040291,2.39709152e-05,30,2.69899988,1
1700211200002220,274648185,2460500.9773747358,60500.481851899996,18.0689354,0.0331074893,0,zr,69.056042000000005,38.622515700000001,0.629999995,-0.0689999983,20240709481840,1700,0xb,0x2,19.3199997,26.1644001,0.0438653193,0.118042074,2.12552986e-05,30,2.68499994,1
1700211200002220,274648232,2460500.9778492581,60500.482326400001,18.0435181,0.0326102376,0,zr,69.056117900000004,38.622531500000001,0.573000014,0.0140000004,20240709482315,1700,0xb,0x2,19.2600002,26.1639786,0.0436121896,0.119253725,2.14254251e-05,30,2.671,1
1700211200002220,274748406,2460501.9796391241,60501.4840625,18.2471924,0.0369242989,0,zr,69.056028999999995,38.622524900000002,0.48300001,-0.050999999,20240710484063,1700,0xb,0x2,19.5400009,26.1506653,0.0366794243,0.10954497,1.49003899e-05,30,2.54500008,1
1700211200002220,274748453,2460501.9801136474,60501.484536999997,18.3403893,0.0391681418,0,zr,69.056070300000002,38.622464800000003,0.629000008,-0.0469999984,20240710484537,1700,0xb,0x2,19.5699997,26.1428509,0.0330643803,0.103932105,1.18837106e-05,30,2.53200006,1
1700211200002220,274748501,2460501.9805882773,60501.485011600002,18.3001575,0.038177304,0,zr,69.056001199999997,38.622480099999997,0.419,-0.00899999961,20240710485000,1700,0xb,0x2,19.4699993,26.1426144,0.0392519943,0.108637042,1.71789179e-05,30,2.51999998,1
1700211200002220,274948376,2460503.9794494105,60503.4837616,18.1943054,0.0357292704,0,zr,69.056035600000001,38.6224889,0.589999974,-0.00700000022,20240712483750,1700,0xb,0x2,19.8700008,25.9547005,0.0316101871,0.1093136,1.09631083e-05,30,2.41400003,1
1700211200002220,274948422,2460503.9799123397,60503.484224500004,18.2254791,0.0364269949,0,zr,69.055989699999998,38.622508600000003,0.809000015,-0.0130000003,20240712484225,1700,0xb,0x2,19.9300003,25.9808693,0.030156849,0.0995168611,9.94961101e-06,30,2.40300012,1
1700211200002220,274948469,2460503.9803869664,60503.484699100001,18.1279507,0.034305796,0,zr,69.056015099999996,38.622540200000003,0.939999998,0.0329999998,20240712484687,1700,0xb,0x2,19.8899994,25.9503174,0.0299444888,0.109319061,9.71545523e-06,30,2.39199996,1
1700211200002220,275647662,2460510.9727357244,60510.476620399997,18.1287956,0.0343234129,0,zr,69.055985699999994,38.622516400000002,0.851999998,0.0120000001,20240719476620,1700,0xb,0x2,20.75,26.2291164,0.0223398376,0.114611022,5.44962495e-06,30,2.15799999,1
1700211200002220,275647907,2460510.9751895848,60510.479074100003,18.197031,0.0357895121,0,zr,69.056018800000004,38.622480799999998,0.876999974,0.0280000009,20240719479074,1700,0xb,0x2,20.6900005,26.2423401,0.0253362916,0.115837179,7.06023366e-06,30,2.11199999,1
1700211200002220,275648203,2460510.9781526821,60510.482037000002,18.1294861,0.0343378074,0,zr,69.055991899999995,38.622459800000001,0.888000011,0.00499999989,20240719482037,1700,0xb,0x2,20.4200001,26.2667713,0.0284201615,0.092728354,8.85205554e-06,30,2.05999994,1
1700211200002220,275747703,2460511.9732181672,60511.477036999997,18.1744461,0.0352945626,0,zr,69.056020899999993,38.6225047,0.944000006,-0.00700000022,20240720477025,1700,0xb,0x2,20,26.1637821,0.0269444194,0.109078661,7.93119943e-06,30,2.09899998,1
1700211200002220,275747945,2460511.9756373297,60511.479456000001,18.0883675,0.033495225,0,zr,69.0560318,38.622491199999999,0.60799998,-0.0289999992,20240720479456,1700,0xb,0x2,19.8500004,26.1636677,0.0297722686,0.115261227,9.62262129e-06,30,2.05699992,1
1700211200002220,275748339,2460511.9795727944,60511.483391200003,18.1368408,0.0344917551,0,zr,69.056041699999994,38.622527900000001,0.338,-0.0299999993,20240720483391,1700,0xb,0x2,19.8899994,26.1401176,0.0284904093,0.122880369,8.95409994e-06,30,1.99199998,1
1700211200002220,275947534,2460513.9716632199,60513.475347200001,18.2643642,0.0373242386,0,zr,69.056035600000001,38.6225004,0.61500001,0.0839999989,20240722475347,1700,0xb,0x2,20.0300007,26.2749634,0.0269301701,0.0942867845,7.98985457e-06,30,2.03399992,1
1700211200002220,275947878,2460513.9751009597,60513.478784699997,18.1581688,0.034943819,0,zr,69.056028699999999,38.622507400000003,0.722000003,-0.0670000017,20240722478773,1700,0xb,0x2,20.1200008,26.250721,0.0268131308,0.10783875,7.96521999e-06,30,1.97800004,1
1700211200002220,275948322,2460513.9795457688,60513.483229199999,18.2136536,0.0361600854,0,zr,69.056022299999995,38.622483600000002,0.469000012,-0.0250000004,20240722483218,1700,0xb,0x2,20.1100006,26.2671776,0.0260973126,0.0922468007,7.56950021e-06,30,1.91100001,1
1700211200002220,276047718,2460514.9735727678,60514.477187500001,18.1765404,0.0353400297,0,zr,69.056028600000005,38.622518900000003,0.916999996,0.0260000005,20240723477176,1700,0xb,0x2,20.0900002,26.2020569,0.0257364102,0.104889534,7.23201174e-06,30,1.96099997,1
1700211200002220,276048111,2460514.9774966449,60514.481111100002,18.1557541,0.0348922275,0,zr,69.0560282,38.622471699999998,0.699999988,0.0529999994,20240723481100,1700,0xb,0x2,20.1399994,26.2022476,0.0268042572,0.109527871,7.97081611e-06,30,1.90199995,1
1700211200002220,276048503,2460514.9814205221,60514.485034700003,18.1370316,0.0344957672,0,zr,69.056024300000004,38.622489100000003,0.546999991,-0.0379999988,20240723485023,1700,0xb,0x2,20.25,26.231493,0.0303365998,0.0996163413,1.02441836e-05,30,1.847,1
1700211200002220,310948701,2460863.9824212426,60863.487013899998,18.1917439,0.0356727727,32768,zr,69.056042700000006,38.622523000000001,0.610000014,-0.0379999988,20250707487014,1700,0xb,0x2,19.0499992,26.2653122,0.042758923,0.108481646,2.07369339e-05,30,2.71600008,1
1700211200002220,310949204,2460863.9874561965,60863.492048599997,18.0899639,0.0335273743,0,zr,69.056098800000001,38.622495200000003,0.206,0.0199999996,20250707492037,1700,0xb,0x2,18.25,26.263485,0.0508099794,0.167853594,4.25015387e-05,30,2.56999993,1
1700211200002220,311348848,2460867.9841017267,60867.4884838,18.1419964,0.034600269,32768,zr,69.056066099999995,38.622473599999999,0.777999997,-0.0439999998,20250711488484,1700,0xb,0x2,19.2700005,26.319376,0.0371241458,0.102086246,1.53023866e-05,30,2.38400006,1
1700211200002220,311349292,2460867.9885463803,60867.492928200001,18.2688942,0.0374307446,32768,zr,69.056012300000006,38.622548899999998,0.449999988,0.0920000002,20250711492917,1700,0xb,0x2,18.6499996,26.3452435,0.0412896648,0.0923230499,2.26404354e-05,30,2.28399992,1
1700211200002220,311448958,2460868.9852571525,60868.489583299997,17.9671307,0.031181341,0,zr,69.055937200000002,38.622540600000001,0.44600001,-0.00200000009,20250712489572,1700,0xb,0x2,19.0900002,26.3014641,0.0403977148,0.113381013,1.82730055e-05,30,2.29699993,1
1700211200002220,311449399,2460868.9896672033,60868.493993099997,18.3808594,0.0402000435,0,zr,69.055965599999993,38.622438199999998,0.263000011,0.123999998,20250712493993,1700,0xb,0x2,18.6000004,26.3061943,0.0408264212,0.118231535,2.17015549e-05,30,2.20499992,1
1700211200002220,311649030,2460870.9860902783,60870.490300899997,18.0497398,0.0327309258,0,zr,69.056010999999998,38.622494099999997,0.915000021,0.0649999976,20250714490301,1700,0xb,0x2,19.25,25.9871044,0.0402605496,0.116607159,1.76665435e-05,30,2.171,1
1700211200002220,311649436,2460870.9901530198,60870.494363400001,18.0548496,0.032830555,32768,zr,69.056045800000007,38.622486199999997,0.291000009,0.0839999989,20250714494352,1700,0xb,0x2,18.7900009,26.0261784,0.0446006209,0.110479213,2.45302544e-05,30,2.09500003,1
1700211200002220,311949082,2460873.9867936647,60873.490821799998,18.20298,0.0359215401,0,zr,69.0560215,38.622480099999997,0.609000027,-0.064000003,20250717490822,1700,0xb,0x2,19.6800003,26.0434208,0.0340692103,0.114286669,1.24671224e-05,30,2.01600003,1
1700211200002220,311949571,2460873.9916897761,60873.495717600003,18.4280434,0.0414491296,32768,zr,69.056023999999994,38.622490900000003,0.709999979,0.108999997,20250717495718,1700,0xb,0x2,19.1100006,26.0764294,0.0389887691,0.0920152962,1.72357268e-05,30,1.93900001,1
1700211200002220,312149048,2460875.9865855561,60875.490486100003,18.1427765,0.0346167199,0,zr,69.056004599999994,38.622466000000003,0.558000028,-0.0430000015,20250719490475,1700,0xb,0x2,19.7000008,26.296154,0.0346681811,0.1125874,1.28952488e-05,30,1.93499994,1
1700211200002220,312149498,2460875.9910881501,60875.494988400002,18.1883965,0.0355991349,0,zr,69.056054799999998,38.622494099999997,0.317000002,0.00200000009,20250719494977,1700,0xb,0x2,19.4200001,26.2917061,0.035311237,0.120051153,1.334234e-05,30,1.87,1
1700211200002220,312149949,2460875.9955907464,60875.4994907,18.1585236,0.0349514224,32768,zr,69.056072900000004,38.622551899999998,0.312000006,-0.0500000007,20250719499479,1700,0xb,0x2,18.6599998,26.3277969,0.0408631042,0.0903763548,2.16819353e-05,30,1.80999994,1
1700211200002220,312348368,2460877.9799118331,60877.483680600002,18.14748,0.034716215,0,zr,69.056030000000007,38.622491699999998,0.702000022,-0.0140000004,20250721483681,1700,0xb,0x2,20.7900009,26.2548943,0.0244245008,0.110722251,6.47849129e-06,30,1.95599997,1
1700211200002220,312348758,2460877.9838124989,60877.487581000001,18.1375084,0.0345057808,0,zr,69.056032099999996,38.622485500000003,0.611999989,0.00300000003,20250721487581,1700,0xb,0x2,20.6200008,26.2718868,0.0231801514,0.0941662416,5.76927823e-06,30,1.898,1
1700211200002220,312349146,2460877.9877016651,60877.4914699,18.1690483,0.0351777039,0,zr,69.056022600000006,38.622494000000003,0.479999989,0.0179999992,20250721491458,1700,0xb,0x2,20.2800007,26.2704086,0.0256454665,0.114957206,7.0970068e-06,30,1.84399998,1
1700211200002220,312349240,2460877.9886392294,60877.492407400001,18.1852226,0.0355295204,0,zr,69.056018100000003,38.622512200000003,0.416000009,0.00300000003,20250721492407,1700,0xb,0x2,20.1800003,26.2605705,0.0275299437,0.119360857,8.1515218e-06,30,1.83099997,1
1700211200002220,312349694,2460877.993176539,60877.496944400002,18.1218529,0.0341790877,0,zr,69.056008399999996,38.622475299999998,0.532999992,0.0209999997,20250721496933,1700,0xb,0x2,19.5499992,26.3061352,0.0330831409,0.114686012,1.17390246e-05,30,1.773,1
1700211200002220,312448287,2460878.9791693822,60878.482870400003,18.1954231,0.035753943,0,zr,69.056051499999995,38.622494600000003,0.916000009,-0.00800000038,20250722482870,1700,0xb,0x2,20.4500008,26.3109531,0.023504274,0.116703875,6.01114607e-06,30,1.92700005,1
1700211200002220,312448674,2460878.9830469508,60878.486747700001,18.1920452,0.0356794149,0,zr,69.056055099999995,38.622532900000003,1.00699997,-0.0340000018,20250722486736,1700,0xb,0x2,20.2600002,26.3234997,0.0246174186,0.109955557,6.62478715e-06,30,1.87100005,1
1700211200002220,312449060,2460878.9869014183,60878.490601899997,18.1482391,0.0347323194,0,zr,69.056045400000002,38.6225047,0.828000009,-0.0289999992,20250722490602,1700,0xb,0x2,20.2399998,26.3306713,0.0242865179,0.11343994,6.35535662e-06,30,1.81900001,1
1700211200002220,312449163,2460878.9879314913,60878.491631899997,18.156044,0.0348984115,0,zr,69.056020000000004,38.622490300000003,0.469999999,0.0280000009,20250722491586,1700,0xb,0x2,20.2399998,26.3304634,0.0249638408,0.112663344,6.72509759e-06,30,1.80599999,1
1700211200002220,312449564,2460878.9919479685,60878.495648099997,18.1834297,0.0354902782,0,zr,69.056040600000003,38.622501300000003,0.884000003,-0.119999997,20250722495602,1700,0xb,0x2,19.8099995,26.3428307,0.0289133973,0.103970177,9.04170156e-06,30,1.75600004,1
1700211200002220,312450015,2460878.9964506803,60878.500150499996,18.1792068,0.0353980698,0,zr,69.0560428,38.622489899999998,0.532000005,-0.0719999969,20250722500104,1700,0xb,0x2,19.2600002,26.3435879,0.0375480391,0.110160381,1.52043649e-05,30,1.70299995,1
1700211200002220,312548233,2460879.9787058593,60879.482338000002,18.1500759,0.0347712822,0,zr,69.055953000000002,38.622519400000002,0.319999993,-0.0209999997,20250723482338,1700,0xb,0x2,19.8199997,26.3205872,0.0307281427,0.103386901,1.02651711e-05,30,1.89499998,1
1700211200002220,312548668,2460879.9830579609,60879.486689799996,18.2174416,0.0362452976,0,zr,69.056034999999994,38.622532499999998,0.952000022,-0.0260000005,20250723486678,1700,0xb,0x2,19.7999992,26.3079643,0.0297437962,0.116368972,9.52644859e-06,30,1.83500004,1
1700211200002220,312549056,2460879.9869355345,60879.490567100001,18.2369232,0.0366879255,0,zr,69.056015500000001,38.622496699999999,0.546999991,0.00800000038,20250723490556,1700,0xb,0x2,19.8400002,26.313427,0.0289059319,0.112733781,8.93485321e-06,30,1.78499997,1
1700211200002220,312648395,2460880.98039626,60880.483958299999,18.2391052,0.0367379896,0,zr,69.056043000000003,38.622504800000002,0.598999977,0.0109999999,20250724483958,1700,0xb,0x2,20.7600002,26.3166065,0.0216852613,0.109936275,5.0738754e-06,30,1.83399999,1
1700211200002220,312648783,2460880.9842738379,60880.487835599997,18.2295151,0.0365187302,0,zr,69.056028900000001,38.622487,1.19299996,-0.00899999961,20250724487824,1700,0xb,0x2,20.6100006,26.3239956,0.0219445359,0.114157237,5.12605766e-06,30,1.78499997,1
1700211200002220,312649170,2460880.9881399134,60880.491701400002,18.2193108,0.0362874418,0,zr,69.056041899999997,38.622508500000002,0.783999979,0.0410000011,20250724491701,1700,0xb,0x2,20.5300007,26.3367577,0.0234782249,0.112025619,5.97491635e-06,30,1.73800004,1
1700211200002220,312748390,2460881.9804095095,60881.483900500003,18.2496948,0.0369822085,0,zr,69.056045299999994,38.622483199999998,0.777999997,-0.00200000009,20250725483889,1700,0xb,0x2,20.7999992,26.3392181,0.0214934628,0.106290415,4.97624706e-06,30,1.79999995,1
1700211200002220,312748777,2460881.9842870915,60881.487777800001,18.3243828,0.0387698188,0,zr,69.056033999999997,38.6225162,0.845000029,-0.0729999989,20250725487778,1700,0xb,0x2,20.5599995,26.3428726,0.021435136,0.107925236,5.01720478e-06,30,1.75199997,1
1700211200002220,312749166,2460881.9881762741,60881.4916667,18.2365799,0.0366800614,0,zr,69.056023300000007,38.622503700000003,0.958999991,-0.0160000008,20250725491655,1700,0xb,0x2,20.6599998,26.3600388,0.0229965262,0.101011448,5.68300402e-06,30,1.70700002,1
1700211200002220,313048425,2460884.9809876503,60884.484259299999,18.1858597,0.0355434678,0,zr,69.056031300000001,38.622492600000001,0.98299998,0.00499999989,20250728484259,1700,0xb,0x2,20.8400002,26.3594398,0.0206739884,0.105497107,4.65906624e-06,30,1.69799995,1
1700211200002220,313048765,2460884.9843791062,60884.487650499999,18.1436157,0.0346344411,0,zr,69.056038299999997,38.622506100000003,0.871999979,0.0260000005,20250728487639,1700,0xb,0x2,20.8099995,26.3601418,0.0206908379,0.107924208,4.60142064e-06,30,1.66100001,1
1700211200002220,313049197,2460884.9887081329,60884.4919792,18.2270775,0.0364632905,0,zr,69.056040100000004,38.622497500000001,0.63499999,0.057,20250728491968,1700,0xb,0x2,20.6499996,26.3664856,0.0211497452,0.110488929,4.84064003e-06,30,1.61699998,1
1700211200002220,313148443,2460885.9812363419,60885.484432899997,18.1393948,0.0345454402,0,zr,69.0560586,38.622498999999998,0.624000013,-0.0179999992,20250729484387,1700,0xb,0x2,20.8299999,26.3598061,0.0201139543,0.113263749,4.41716111e-06,30,1.66600001,1
1700211200002220,313148834,2460885.9851486431,60885.488344899997,18.1603336,0.0349901766,0,zr,69.056032599999995,38.622502900000001,0.944999993,-0.101000004,20250729488299,1700,0xb,0x2,20.8799992,26.3586292,0.0208195206,0.114563152,4.73342016e-06,30,1.62600005,1
1700211200002220,313149230,2460885.9891072437,60885.492303200001,18.0879822,0.0334874541,0,zr,69.056062699999998,38.622505500000003,0.414999992,-0.0199999996,20250729492257,1700,0xb,0x2,20.3799992,26.3702259,0.0228584837,0.110934608,5.55555152e-06,30,1.58800006,1
1700211200002220,313448598,2460888.9830182148,60888.485983799997,18.2606602,0.0372374691,0,zr,69.056057199999998,38.622506100000003,0.535000026,0.0170000009,20250801485938,1700,0xb,0x2,20.8799992,26.3731956,0.0210668538,0.110249579,4.83116173e-06,30,1.57000005,1
1700211200002220,313448994,2460888.9869768284,60888.489942100001,18.2633209,0.0372997783,0,zr,69.056054000000003,38.622516500000003,0.194999993,0.00400000019,20250801489896,1700,0xb,0x2,20.8700008,26.3827839,0.020117037,0.109144665,4.40878875e-06,30,1.53499997,1
1700211200002220,313449388,2460888.9909239416,60888.493888899997,18.2792072,0.0376748107,0,zr,69.0560495,38.622503899999998,0.667999983,0.0579999983,20250801493843,1700,0xb,0x2,20.8099995,26.3816261,0.0206199903,0.114026874,4.63792821e-06,30,1.50199997,1
